ticker,core_version,data_status,price,rsi,signal,technical_score,options_quality_score,win_probability,probability_adjustment,min_entry_credit,contracts,spread,short_strike,long_strike,expiration,dte,earnings_date,earnings_days,earnings_status,credit,commission_rt,max_loss,net_max_loss,roc,net_roc,prob_otm,delta,delta_source,iv_rank,short_iv,expected_move,em_distance,liquidity,oi,bid_ask_spread_pct,reject_reason,executable,final_score,options_score,scan_time_utc,signal_id,history_status,scan_error
MSFT,2026.08.12-algo-v1.1,OK_EXECUTABLE_OPTIONS,492.43,70.8,CALL,66,80,90.0,1.3,0.29,1,545/550 CCS,545.0,550.0,2026-09-18,37,2026-10-28,77,OK,0.31,2.6,469.0,471.6,6.6,6.0,88.7,0.13,BS estimate from yfinance IV (not broker Greek),100,26.0,40.8,1.29,Alta,5256.0,5.6,,True,90,80,2026-08-12T23:26:38.861588+00:00,MSFT-20260812-545C550C,,
JPM,2026.08.12-algo-v1.1,OK_EXECUTABLE_OPTIONS,365.18,68.9,CALL,65,83,80.4,2.0,0.3,1,385/390 CCS,385.0,390.0,2026-09-18,37,2026-10-13,62,OK,0.32,2.6,468.0,470.6,6.8,6.2,78.4,0.235,BS estimate from yfinance IV (not broker Greek),40.1,20.1,23.38,0.85,Alta,611.0,14.7,,True,80,83,2026-08-12T23:26:38.861588+00:00,JPM-20260812-385C390C,,
SCHW,2026.08.12-algo-v1.1,OK_EXECUTABLE_OPTIONS,109.34,71.9,CALL,70,88,78.0,2.0,0.52,1,115/120 CCS,115.0,120.0,2026-09-18,37,2026-10-15,64,OK,0.55,2.6,445.0,447.6,12.4,11.7,76.0,0.262,BS estimate from yfinance IV (not broker Greek),26.7,21.5,7.48,0.76,Alta,6740.0,8.9,,True,78,88,2026-08-12T23:26:38.861588+00:00,SCHW-20260812-115C120C,,
SPY,2026.08.12-algo-v1.1,OK_EXECUTABLE_OPTIONS,772.49,64.5,CALL,65,95,90.0,3.4,0.47,1,808/813 CCS,808.0,813.0,2026-09-18,37,No disponible,,OK,0.5,2.6,450.0,452.6,11.1,10.5,86.6,0.142,BS estimate from yfinance IV (not broker Greek),56.4,11.6,28.59,1.24,Alta,1025.0,1.8,,True,90,95,2026-08-12T23:26:38.861588+00:00,SPY-20260812-808C813C,,
MSFT,2026.08.12-algo-v1.3-100,OK_EXECUTABLE_OPTIONS,492.43,70.8,CALL,66,80,90.0,1.3,0.29,1,545/550 CCS,545.0,550.0,2026-09-18,37,2026-10-28,77,OK,0.31,2.6,469.0,471.6,6.6,6.0,88.7,0.13,BS estimate from yfinance IV (not broker Greek),100,26.0,40.8,1.29,Alta,5256.0,5.6,,True,90,80,2026-08-12T23:32:47.128167+00:00,MSFT-20260812-545C550C,,
JPM,2026.08.12-algo-v1.3-100,OK_EXECUTABLE_OPTIONS,365.18,68.9,CALL,65,83,80.4,2.0,0.3,1,385/390 CCS,385.0,390.0,2026-09-18,37,2026-10-13,62,OK,0.32,2.6,468.0,470.6,6.8,6.2,78.4,0.235,BS estimate from yfinance IV (not broker Greek),40.1,20.1,23.38,0.85,Alta,611.0,14.7,,True,80,83,2026-08-12T23:32:47.128167+00:00,JPM-20260812-385C390C,,
SCHW,2026.08.12-algo-v1.3-100,OK_EXECUTABLE_OPTIONS,109.34,72.3,CALL,70,88,78.0,2.0,0.52,1,115/120 CCS,115.0,120.0,2026-09-18,37,2026-10-15,64,OK,0.55,2.6,445.0,447.6,12.4,11.7,76.0,0.262,BS estimate from yfinance IV (not broker Greek),22.8,21.5,7.48,0.76,Alta,6740.0,8.9,,True,78,88,2026-08-12T23:32:47.128167+00:00,SCHW-20260812-115C120C,,
BAC,2026.08.12-algo-v1.3-100,OK_EXECUTABLE_OPTIONS,64.81,73.7,CALL,70,88,75.5,1.0,0.31,1,67.5/70 CCS,67.5,70.0,2026-09-18,37,2026-10-14,63,OK,0.33,2.6,217.0,219.6,15.2,13.8,74.5,0.274,BS estimate from yfinance IV (not broker Greek),12.0,18.0,3.72,0.72,Alta,5704.0,7.5,,True,76,88,2026-08-12T23:32:47.128167+00:00,BAC-20260812-67p5C70C,,
XOM,2026.08.12-algo-v1.3-100,OK_EXECUTABLE_OPTIONS,159.75,65.0,CALL,65,88,78.4,2.0,0.47,1,170/175 CCS,170.0,175.0,2026-09-18,37,2026-10-30,79,OK,0.5,2.6,450.0,452.6,11.1,10.5,76.4,0.263,BS estimate from yfinance IV (not broker Greek),43.4,26.7,13.6,0.75,Alta,12851.0,8.0,,True,78,88,2026-08-12T23:32:47.128167+00:00,XOM-20260812-170C175C,,
MRK,2026.08.12-algo-v1.3-100,OK_EXECUTABLE_OPTIONS,132.92,63.8,CALL,65,75,89.1,3.5,0.37,1,145/150 CCS,145.0,150.0,2026-09-18,37,2026-10-29,78,OK,0.39,2.6,461.0,463.6,8.5,7.9,85.6,0.164,BS estimate from yfinance IV (not broker Greek),25.8,25.4,10.74,1.12,Alta,13439.0,7.4,,True,89,75,2026-08-12T23:32:47.128167+00:00,MRK-20260812-145C150C,,
NKE,2026.08.12-algo-v1.3-100,OK_EXECUTABLE_OPTIONS,40.51,40.1,PUT,50,98,76.2,1.0,0.36,1,37.5/35 PCS,37.5,35.0,2026-09-18,37,2026-09-29,48,OK,0.38,2.6,212.0,214.6,17.9,16.5,75.2,-0.214,BS estimate from yfinance IV (not broker Greek),33.0,34.9,4.5,0.67,Alta,17357.0,6.5,,True,76,98,2026-08-12T23:32:47.128167+00:00,NKE-20260812-37p5P35P,,
ABNB,2026.08.12-algo-v1.3-100,OK_EXECUTABLE_OPTIONS,180.1,74.2,CALL,70,95,80.8,2.5,0.42,1,195/200 CCS,195.0,200.0,2026-09-18,37,2026-11-05,85,OK,0.45,2.6,455.0,457.6,9.9,9.3,78.3,0.248,BS estimate from yfinance IV (not broker Greek),100,32.1,18.42,0.81,Media,284.0,24.5,,True,81,95,2026-08-12T23:32:47.128167+00:00,ABNB-20260812-195C200C,,
NEM,2026.08.12-algo-v1.3-100,OK_EXECUTABLE_OPTIONS,117.84,75.7,CALL,70,85,76.1,0.5,0.45,1,130/135 CCS,130.0,135.0,2026-09-18,37,2026-10-22,71,OK,0.48,2.6,452.0,454.6,10.6,10.0,75.6,0.294,BS estimate from yfinance IV (not broker Greek),56.8,47.6,17.85,0.68,Media,11435.0,18.2,,True,76,85,2026-08-12T23:32:47.128167+00:00,NEM-20260812-130C135C,,
SPY,2026.08.12-algo-v1.3-100,OK_EXECUTABLE_OPTIONS,772.49,64.5,CALL,65,95,90.0,3.4,0.47,1,808/813 CCS,808.0,813.0,2026-09-18,37,No disponible,,OK,0.5,2.6,450.0,452.6,11.1,10.5,86.6,0.142,BS estimate from yfinance IV (not broker Greek),56.4,11.6,28.59,1.24,Alta,1025.0,1.8,,True,90,95,2026-08-12T23:32:47.128167+00:00,SPY-20260812-808C813C,,
XLE,2026.08.12-algo-v1.3-100,OK_EXECUTABLE_OPTIONS,61.03,64.5,CALL,65,93,79.9,2.5,0.26,1,65/67.5 CCS,65.0,67.5,2026-09-18,37,No disponible,,OK,0.28,2.6,222.0,224.6,12.6,11.3,77.4,0.251,BS estimate from yfinance IV (not broker Greek),69.0,25.8,5.01,0.79,Alta,45227.0,14.2,,True,80,93,2026-08-12T23:32:47.128167+00:00,XLE-20260812-65C67p5C,,
TLT,2026.08.12-algo-v1.3-100,OK_EXECUTABLE_OPTIONS,82.11,38.7,PUT,50,98,80.0,1.0,0.3,1,80/77 PCS,80.0,77.0,2026-09-18,37,No disponible,,OK,0.32,2.6,268.0,270.6,11.9,10.9,79.0,-0.199,BS estimate from yfinance IV (not broker Greek),41.0,11.6,3.04,0.69,Alta,40953.0,2.3,,True,80,98,2026-08-12T23:32:47.128167+00:00,TLT-20260812-80P77P,,
GLD,2026.08.12-algo-v1.3-100,OK_EXECUTABLE_OPTIONS,404.92,67.9,CALL,67,90,87.4,3.5,0.37,1,440/445 CCS,440.0,445.0,2026-09-18,37,No disponible,,OK,0.39,2.6,461.0,463.6,8.5,7.9,83.9,0.182,BS estimate from yfinance IV (not broker Greek),30.2,26.0,33.47,1.05,Alta,17006.0,6.2,,True,87,90,2026-08-12T23:32:47.128167+00:00,GLD-20260812-440C445C,,
PYPL,2026.08.12-algo-v1.3-100,OK_EXECUTABLE_OPTIONS,59.2,71.2,CALL,70,88,72.5,-0.5,0.33,1,62.5/65 CCS,62.5,65.0,2026-09-18,37,2026-10-27,76,OK,0.35,2.6,215.0,217.6,16.3,14.9,73.0,0.3,BS estimate from yfinance IV (not broker Greek),11.0,27.4,5.17,0.64,Alta,16852.0,5.8,,True,72,88,2026-08-12T23:32:47.128167+00:00,PYPL-20260812-62p5C65C,,
MCD,2026.08.12-algo-v1.3-100,ERROR,,,ERROR,,,,,,0,,,,,,,,UNKNOWN,,,,,,,,,,,,,,,,,Exception during analyze_ticker,False,,,2026-08-12T23:39:45.687086+00:00,,ERROR,SetupResult.__init__() takes 39 positional arguments but 40 were given
PEP,2026.08.12-algo-v1.3-100,ERROR,,,ERROR,,,,,,0,,,,,,,,UNKNOWN,,,,,,,,,,,,,,,,,Exception during analyze_ticker,False,,,2026-08-12T23:39:45.687086+00:00,,ERROR,SetupResult.__init__() takes 39 positional arguments but 40 were given
PG,2026.08.12-algo-v1.3-100,ERROR,,,ERROR,,,,,,0,,,,,,,,UNKNOWN,,,,,,,,,,,,,,,,,Exception during analyze_ticker,False,,,2026-08-12T23:39:45.687086+00:00,,ERROR,SetupResult.__init__() takes 39 positional arguments but 40 were given
KO,2026.08.12-algo-v1.3-100,ERROR,,,ERROR,,,,,,0,,,,,,,,UNKNOWN,,,,,,,,,,,,,,,,,Exception during analyze_ticker,False,,,2026-08-12T23:39:45.687086+00:00,,ERROR,SetupResult.__init__() takes 39 positional arguments but 40 were given
JNJ,2026.08.12-algo-v1.3-100,ERROR,,,ERROR,,,,,,0,,,,,,,,UNKNOWN,,,,,,,,,,,,,,,,,Exception during analyze_ticker,False,,,2026-08-12T23:39:45.687086+00:00,,ERROR,SetupResult.__init__() takes 39 positional arguments but 40 were given
WMT,2026.08.12-algo-v1.3-100,ERROR,,,ERROR,,,,,,0,,,,,,,,UNKNOWN,,,,,,,,,,,,,,,,,Exception during analyze_ticker,False,,,2026-08-12T23:39:45.687086+00:00,,ERROR,SetupResult.__init__() takes 39 positional arguments but 40 were given
COST,2026.08.12-algo-v1.3-100,ERROR,,,ERROR,,,,,,0,,,,,,,,UNKNOWN,,,,,,,,,,,,,,,,,Exception during analyze_ticker,False,,,2026-08-12T23:39:45.687086+00:00,,ERROR,SetupResult.__init__() takes 39 positional arguments but 40 were given
HD,2026.08.12-algo-v1.3-100,ERROR,,,ERROR,,,,,,0,,,,,,,,UNKNOWN,,,,,,,,,,,,,,,,,Exception during analyze_ticker,False,,,2026-08-12T23:39:45.687086+00:00,,ERROR,SetupResult.__init__() takes 39 positional arguments but 40 were given
LOW,2026.08.12-algo-v1.3-100,ERROR,,,ERROR,,,,,,0,,,,,,,,UNKNOWN,,,,,,,,,,,,,,,,,Exception during analyze_ticker,False,,,2026-08-12T23:39:45.687086+00:00,,ERROR,SetupResult.__init__() takes 39 positional arguments but 40 were given
TGT,2026.08.12-algo-v1.3-100,ERROR,,,ERROR,,,,,,0,,,,,,,,UNKNOWN,,,,,,,,,,,,,,,,,Exception during analyze_ticker,False,,,2026-08-12T23:39:45.687086+00:00,,ERROR,SetupResult.__init__() takes 39 positional arguments but 40 were given
SBUX,2026.08.12-algo-v1.3-100,ERROR,,,ERROR,,,,,,0,,,,,,,,UNKNOWN,,,,,,,,,,,,,,,,,Exception during analyze_ticker,False,,,2026-08-12T23:39:45.687086+00:00,,ERROR,SetupResult.__init__() takes 39 positional arguments but 40 were given
MDLZ,2026.08.12-algo-v1.3-100,ERROR,,,ERROR,,,,,,0,,,,,,,,UNKNOWN,,,,,,,,,,,,,,,,,Exception during analyze_ticker,False,,,2026-08-12T23:39:45.687086+00:00,,ERROR,SetupResult.__init__() takes 39 positional arguments but 40 were given
CMCSA,2026.08.12-algo-v1.3-100,ERROR,,,ERROR,,,,,,0,,,,,,,,UNKNOWN,,,,,,,,,,,,,,,,,Exception during analyze_ticker,False,,,2026-08-12T23:39:45.687086+00:00,,ERROR,SetupResult.__init__() takes 39 positional arguments but 40 were given
MSFT,2026.08.12-algo-v1.3-100,OK_EXECUTABLE_OPTIONS,492.43,70.8,CALL,66,80,90.0,1.3,0.29,1,545/550 CCS,545.0,550.0,2026-09-18,37,2026-10-28,77,OK,0.31,2.6,469.0,471.6,6.6,6.0,88.7,0.13,BS estimate from yfinance IV (not broker Greek),100,26.0,40.8,1.29,Alta,5256.0,5.6,,True,90,80,2026-08-12T23:39:45.687086+00:00,MSFT-20260812-545C550C,PASS,
AAPL,2026.08.12-algo-v1.3-100,ERROR,,,ERROR,,,,,,0,,,,,,,,UNKNOWN,,,,,,,,,,,,,,,,,Exception during analyze_ticker,False,,,2026-08-12T23:39:45.687086+00:00,,ERROR,SetupResult.__init__() takes 39 positional arguments but 40 were given
GOOGL,2026.08.12-algo-v1.3-100,ERROR,,,ERROR,,,,,,0,,,,,,,,UNKNOWN,,,,,,,,,,,,,,,,,Exception during analyze_ticker,False,,,2026-08-12T23:39:45.687086+00:00,,ERROR,SetupResult.__init__() takes 39 positional arguments but 40 were given
META,2026.08.12-algo-v1.3-100,ERROR,,,ERROR,,,,,,0,,,,,,,,UNKNOWN,,,,,,,,,,,,,,,,,Exception during analyze_ticker,False,,,2026-08-12T23:39:45.687086+00:00,,ERROR,SetupResult.__init__() takes 39 positional arguments but 40 were given
AMZN,2026.08.12-algo-v1.3-100,ERROR,,,ERROR,,,,,,0,,,,,,,,UNKNOWN,,,,,,,,,,,,,,,,,Exception during analyze_ticker,False,,,2026-08-12T23:39:45.687086+00:00,,ERROR,SetupResult.__init__() takes 39 positional arguments but 40 were given
NVDA,2026.08.12-algo-v1.3-100,ERROR,,,ERROR,,,,,,0,,,,,,,,UNKNOWN,,,,,,,,,,,,,,,,,Exception during analyze_ticker,False,,,2026-08-12T23:39:45.687086+00:00,,ERROR,SetupResult.__init__() takes 39 positional arguments but 40 were given
AVGO,2026.08.12-algo-v1.3-100,ERROR,,,ERROR,,,,,,0,,,,,,,,UNKNOWN,,,,,,,,,,,,,,,,,Exception during analyze_ticker,False,,,2026-08-12T23:39:45.687086+00:00,,ERROR,SetupResult.__init__() takes 39 positional arguments but 40 were given
ADBE,2026.08.12-algo-v1.3-100,ERROR,,,ERROR,,,,,,0,,,,,,,,UNKNOWN,,,,,,,,,,,,,,,,,Exception during analyze_ticker,False,,,2026-08-12T23:39:45.687086+00:00,,ERROR,SetupResult.__init__() takes 39 positional arguments but 40 were given
CRM,2026.08.12-algo-v1.3-100,ERROR,,,ERROR,,,,,,0,,,,,,,,UNKNOWN,,,,,,,,,,,,,,,,,Exception during analyze_ticker,False,,,2026-08-12T23:39:45.687086+00:00,,ERROR,SetupResult.__init__() takes 39 positional arguments but 40 were given
ORCL,2026.08.12-algo-v1.3-100,ERROR,,,ERROR,,,,,,0,,,,,,,,UNKNOWN,,,,,,,,,,,,,,,,,Exception during analyze_ticker,False,,,2026-08-12T23:39:45.687086+00:00,,ERROR,SetupResult.__init__() takes 39 positional arguments but 40 were given
CSCO,2026.08.12-algo-v1.3-100,ERROR,,,ERROR,,,,,,0,,,,,,,,UNKNOWN,,,,,,,,,,,,,,,,,Exception during analyze_ticker,False,,,2026-08-12T23:39:45.687086+00:00,,ERROR,SetupResult.__init__() takes 39 positional arguments but 40 were given
AMD,2026.08.12-algo-v1.3-100,ERROR,,,ERROR,,,,,,0,,,,,,,,UNKNOWN,,,,,,,,,,,,,,,,,Exception during analyze_ticker,False,,,2026-08-12T23:39:45.687086+00:00,,ERROR,SetupResult.__init__() takes 39 positional arguments but 40 were given
INTC,2026.08.12-algo-v1.3-100,ERROR,,,ERROR,,,,,,0,,,,,,,,UNKNOWN,,,,,,,,,,,,,,,,,Exception during analyze_ticker,False,,,2026-08-12T23:39:45.687086+00:00,,ERROR,SetupResult.__init__() takes 39 positional arguments but 40 were given
MU,2026.08.12-algo-v1.3-100,ERROR,,,ERROR,,,,,,0,,,,,,,,UNKNOWN,,,,,,,,,,,,,,,,,Exception during analyze_ticker,False,,,2026-08-12T23:39:45.687086+00:00,,ERROR,SetupResult.__init__() takes 39 positional arguments but 40 were given
QCOM,2026.08.12-algo-v1.3-100,ERROR,,,ERROR,,,,,,0,,,,,,,,UNKNOWN,,,,,,,,,,,,,,,,,Exception during analyze_ticker,False,,,2026-08-12T23:39:45.687086+00:00,,ERROR,SetupResult.__init__() takes 39 positional arguments but 40 were given
TXN,2026.08.12-algo-v1.3-100,ERROR,,,ERROR,,,,,,0,,,,,,,,UNKNOWN,,,,,,,,,,,,,,,,,Exception during analyze_ticker,False,,,2026-08-12T23:39:45.687086+00:00,,ERROR,SetupResult.__init__() takes 39 positional arguments but 40 were given
AMAT,2026.08.12-algo-v1.3-100,ERROR,,,ERROR,,,,,,0,,,,,,,,UNKNOWN,,,,,,,,,,,,,,,,,Exception during analyze_ticker,False,,,2026-08-12T23:39:45.687086+00:00,,ERROR,SetupResult.__init__() takes 39 positional arguments but 40 were given
JPM,2026.08.12-algo-v1.3-100,OK_EXECUTABLE_OPTIONS,365.18,68.9,CALL,65,83,80.4,2.0,0.3,1,385/390 CCS,385.0,390.0,2026-09-18,37,2026-10-13,62,OK,0.32,2.6,468.0,470.6,6.8,6.2,78.4,0.235,BS estimate from yfinance IV (not broker Greek),40.1,20.1,23.38,0.85,Alta,611.0,14.7,,True,80,83,2026-08-12T23:39:45.687086+00:00,JPM-20260812-385C390C,PASS,
MA,2026.08.12-algo-v1.3-100,ERROR,,,ERROR,,,,,,0,,,,,,,,UNKNOWN,,,,,,,,,,,,,,,,,Exception during analyze_ticker,False,,,2026-08-12T23:39:45.687086+00:00,,ERROR,SetupResult.__init__() takes 39 positional arguments but 40 were given
V,2026.08.12-algo-v1.3-100,ERROR,,,ERROR,,,,,,0,,,,,,,,UNKNOWN,,,,,,,,,,,,,,,,,Exception during analyze_ticker,False,,,2026-08-12T23:39:45.687086+00:00,,ERROR,SetupResult.__init__() takes 39 positional arguments but 40 were given
BLK,2026.08.12-algo-v1.3-100,ERROR,,,ERROR,,,,,,0,,,,,,,,UNKNOWN,,,,,,,,,,,,,,,,,Exception during analyze_ticker,False,,,2026-08-12T23:39:45.687086+00:00,,ERROR,SetupResult.__init__() takes 39 positional arguments but 40 were given
SCHW,2026.08.12-algo-v1.3-100,OK_EXECUTABLE_OPTIONS,109.34,72.3,CALL,70,88,78.0,2.0,0.52,1,115/120 CCS,115.0,120.0,2026-09-18,37,2026-10-15,64,OK,0.55,2.6,445.0,447.6,12.4,11.7,76.0,0.262,BS estimate from yfinance IV (not broker Greek),22.8,21.5,7.48,0.76,Alta,6740.0,8.9,,True,78,88,2026-08-12T23:39:45.687086+00:00,SCHW-20260812-115C120C,PASS,
BAC,2026.08.12-algo-v1.3-100,OK_EXECUTABLE_OPTIONS,64.81,73.7,CALL,70,88,75.5,1.0,0.31,1,67.5/70 CCS,67.5,70.0,2026-09-18,37,2026-10-14,63,OK,0.33,2.6,217.0,219.6,15.2,13.8,74.5,0.274,BS estimate from yfinance IV (not broker Greek),12.0,18.0,3.72,0.72,Alta,5704.0,7.5,,True,76,88,2026-08-12T23:39:45.687086+00:00,BAC-20260812-67p5C70C,PASS,
WFC,2026.08.12-algo-v1.3-100,ERROR,,,ERROR,,,,,,0,,,,,,,,UNKNOWN,,,,,,,,,,,,,,,,,Exception during analyze_ticker,False,,,2026-08-12T23:39:45.687086+00:00,,ERROR,SetupResult.__init__() takes 39 positional arguments but 40 were given
C,2026.08.12-algo-v1.3-100,ERROR,,,ERROR,,,,,,0,,,,,,,,UNKNOWN,,,,,,,,,,,,,,,,,Exception during analyze_ticker,False,,,2026-08-12T23:39:45.687086+00:00,,ERROR,SetupResult.__init__() takes 39 positional arguments but 40 were given
GS,2026.08.12-algo-v1.3-100,ERROR,,,ERROR,,,,,,0,,,,,,,,UNKNOWN,,,,,,,,,,,,,,,,,Exception during analyze_ticker,False,,,2026-08-12T23:39:45.687086+00:00,,ERROR,SetupResult.__init__() takes 39 positional arguments but 40 were given
MS,2026.08.12-algo-v1.3-100,ERROR,,,ERROR,,,,,,0,,,,,,,,UNKNOWN,,,,,,,,,,,,,,,,,Exception during analyze_ticker,False,,,2026-08-12T23:39:45.687086+00:00,,ERROR,SetupResult.__init__() takes 39 positional arguments but 40 were given
XOM,2026.08.12-algo-v1.3-100,OK_EXECUTABLE_OPTIONS,159.75,65.0,CALL,65,88,78.4,2.0,0.47,1,170/175 CCS,170.0,175.0,2026-09-18,37,2026-10-30,79,OK,0.5,2.6,450.0,452.6,11.1,10.5,76.4,0.263,BS estimate from yfinance IV (not broker Greek),43.4,26.7,13.6,0.75,Alta,12851.0,8.0,,True,78,88,2026-08-12T23:39:45.687086+00:00,XOM-20260812-170C175C,PASS,
CVX,2026.08.12-algo-v1.3-100,ERROR,,,ERROR,,,,,,0,,,,,,,,UNKNOWN,,,,,,,,,,,,,,,,,Exception during analyze_ticker,False,,,2026-08-12T23:39:45.687086+00:00,,ERROR,SetupResult.__init__() takes 39 positional arguments but 40 were given
COP,2026.08.12-algo-v1.3-100,ERROR,,,ERROR,,,,,,0,,,,,,,,UNKNOWN,,,,,,,,,,,,,,,,,Exception during analyze_ticker,False,,,2026-08-12T23:39:45.687086+00:00,,ERROR,SetupResult.__init__() takes 39 positional arguments but 40 were given
SLB,2026.08.12-algo-v1.3-100,ERROR,,,ERROR,,,,,,0,,,,,,,,UNKNOWN,,,,,,,,,,,,,,,,,Exception during analyze_ticker,False,,,2026-08-12T23:39:45.687086+00:00,,ERROR,SetupResult.__init__() takes 39 positional arguments but 40 were given
OXY,2026.08.12-algo-v1.3-100,ERROR,,,ERROR,,,,,,0,,,,,,,,UNKNOWN,,,,,,,,,,,,,,,,,Exception during analyze_ticker,False,,,2026-08-12T23:39:45.687086+00:00,,ERROR,SetupResult.__init__() takes 39 positional arguments but 40 were given
UNH,2026.08.12-algo-v1.3-100,ERROR,,,ERROR,,,,,,0,,,,,,,,UNKNOWN,,,,,,,,,,,,,,,,,Exception during analyze_ticker,False,,,2026-08-12T23:39:45.687086+00:00,,ERROR,SetupResult.__init__() takes 39 positional arguments but 40 were given
ABBV,2026.08.12-algo-v1.3-100,ERROR,,,ERROR,,,,,,0,,,,,,,,UNKNOWN,,,,,,,,,,,,,,,,,Exception during analyze_ticker,False,,,2026-08-12T23:39:45.687086+00:00,,ERROR,SetupResult.__init__() takes 39 positional arguments but 40 were given
MRK,2026.08.12-algo-v1.3-100,OK_EXECUTABLE_OPTIONS,132.92,63.8,CALL,65,75,89.1,3.5,0.37,1,145/150 CCS,145.0,150.0,2026-09-18,37,2026-10-29,78,OK,0.39,2.6,461.0,463.6,8.5,7.9,85.6,0.164,BS estimate from yfinance IV (not broker Greek),25.8,25.4,10.74,1.12,Alta,13439.0,7.4,,True,89,75,2026-08-12T23:39:45.687086+00:00,MRK-20260812-145C150C,PASS,
PFE,2026.08.12-algo-v1.3-100,ERROR,,,ERROR,,,,,,0,,,,,,,,UNKNOWN,,,,,,,,,,,,,,,,,Exception during analyze_ticker,False,,,2026-08-12T23:39:45.687086+00:00,,ERROR,SetupResult.__init__() takes 39 positional arguments but 40 were given
LLY,2026.08.12-algo-v1.3-100,ERROR,,,ERROR,,,,,,0,,,,,,,,UNKNOWN,,,,,,,,,,,,,,,,,Exception during analyze_ticker,False,,,2026-08-12T23:39:45.687086+00:00,,ERROR,SetupResult.__init__() takes 39 positional arguments but 40 were given
GILD,2026.08.12-algo-v1.3-100,ERROR,,,ERROR,,,,,,0,,,,,,,,UNKNOWN,,,,,,,,,,,,,,,,,Exception during analyze_ticker,False,,,2026-08-12T23:39:45.687086+00:00,,ERROR,SetupResult.__init__() takes 39 positional arguments but 40 were given
AMGN,2026.08.12-algo-v1.3-100,ERROR,,,ERROR,,,,,,0,,,,,,,,UNKNOWN,,,,,,,,,,,,,,,,,Exception during analyze_ticker,False,,,2026-08-12T23:39:45.687086+00:00,,ERROR,SetupResult.__init__() takes 39 positional arguments but 40 were given
CVS,2026.08.12-algo-v1.3-100,ERROR,,,ERROR,,,,,,0,,,,,,,,UNKNOWN,,,,,,,,,,,,,,,,,Exception during analyze_ticker,False,,,2026-08-12T23:39:45.687086+00:00,,ERROR,SetupResult.__init__() takes 39 positional arguments but 40 were given
CAT,2026.08.12-algo-v1.3-100,ERROR,,,ERROR,,,,,,0,,,,,,,,UNKNOWN,,,,,,,,,,,,,,,,,Exception during analyze_ticker,False,,,2026-08-12T23:39:45.687086+00:00,,ERROR,SetupResult.__init__() takes 39 positional arguments but 40 were given
DE,2026.08.12-algo-v1.3-100,ERROR,,,ERROR,,,,,,0,,,,,,,,UNKNOWN,,,,,,,,,,,,,,,,,Exception during analyze_ticker,False,,,2026-08-12T23:39:45.687086+00:00,,ERROR,SetupResult.__init__() takes 39 positional arguments but 40 were given
GE,2026.08.12-algo-v1.3-100,ERROR,,,ERROR,,,,,,0,,,,,,,,UNKNOWN,,,,,,,,,,,,,,,,,Exception during analyze_ticker,False,,,2026-08-12T23:39:45.687086+00:00,,ERROR,SetupResult.__init__() takes 39 positional arguments but 40 were given
HON,2026.08.12-algo-v1.3-100,ERROR,,,ERROR,,,,,,0,,,,,,,,UNKNOWN,,,,,,,,,,,,,,,,,Exception during analyze_ticker,False,,,2026-08-12T23:39:45.687086+00:00,,ERROR,SetupResult.__init__() takes 39 positional arguments but 40 were given
UPS,2026.08.12-algo-v1.3-100,ERROR,,,ERROR,,,,,,0,,,,,,,,UNKNOWN,,,,,,,,,,,,,,,,,Exception during analyze_ticker,False,,,2026-08-12T23:39:45.687086+00:00,,ERROR,SetupResult.__init__() takes 39 positional arguments but 40 were given
BA,2026.08.12-algo-v1.3-100,ERROR,,,ERROR,,,,,,0,,,,,,,,UNKNOWN,,,,,,,,,,,,,,,,,Exception during analyze_ticker,False,,,2026-08-12T23:39:45.687086+00:00,,ERROR,SetupResult.__init__() takes 39 positional arguments but 40 were given
RTX,2026.08.12-algo-v1.3-100,ERROR,,,ERROR,,,,,,0,,,,,,,,UNKNOWN,,,,,,,,,,,,,,,,,Exception during analyze_ticker,False,,,2026-08-12T23:39:45.687086+00:00,,ERROR,SetupResult.__init__() takes 39 positional arguments but 40 were given
LMT,2026.08.12-algo-v1.3-100,ERROR,,,ERROR,,,,,,0,,,,,,,,UNKNOWN,,,,,,,,,,,,,,,,,Exception during analyze_ticker,False,,,2026-08-12T23:39:45.687086+00:00,,ERROR,SetupResult.__init__() takes 39 positional arguments but 40 were given
DIS,2026.08.12-algo-v1.3-100,ERROR,,,ERROR,,,,,,0,,,,,,,,UNKNOWN,,,,,,,,,,,,,,,,,Exception during analyze_ticker,False,,,2026-08-12T23:39:45.687086+00:00,,ERROR,SetupResult.__init__() takes 39 positional arguments but 40 were given
NFLX,2026.08.12-algo-v1.3-100,ERROR,,,ERROR,,,,,,0,,,,,,,,UNKNOWN,,,,,,,,,,,,,,,,,Exception during analyze_ticker,False,,,2026-08-12T23:39:45.687086+00:00,,ERROR,SetupResult.__init__() takes 39 positional arguments but 40 were given
TSLA,2026.08.12-algo-v1.3-100,ERROR,,,ERROR,,,,,,0,,,,,,,,UNKNOWN,,,,,,,,,,,,,,,,,Exception during analyze_ticker,False,,,2026-08-12T23:39:45.687086+00:00,,ERROR,SetupResult.__init__() takes 39 positional arguments but 40 were given
NKE,2026.08.12-algo-v1.3-100,OK_EXECUTABLE_OPTIONS,40.51,40.1,PUT,50,98,76.2,1.0,0.36,1,37.5/35 PCS,37.5,35.0,2026-09-18,37,2026-09-29,48,OK,0.38,2.6,212.0,214.6,17.9,16.5,75.2,-0.214,BS estimate from yfinance IV (not broker Greek),33.0,34.9,4.5,0.67,Alta,17357.0,6.5,,True,76,98,2026-08-12T23:39:45.687086+00:00,NKE-20260812-37p5P35P,PASS,
BKNG,2026.08.12-algo-v1.3-100,ERROR,,,ERROR,,,,,,0,,,,,,,,UNKNOWN,,,,,,,,,,,,,,,,,Exception during analyze_ticker,False,,,2026-08-12T23:39:45.687086+00:00,,ERROR,SetupResult.__init__() takes 39 positional arguments but 40 were given
ABNB,2026.08.12-algo-v1.3-100,OK_EXECUTABLE_OPTIONS,180.1,74.2,CALL,70,95,80.8,2.5,0.42,1,195/200 CCS,195.0,200.0,2026-09-18,37,2026-11-05,85,OK,0.45,2.6,455.0,457.6,9.9,9.3,78.3,0.248,BS estimate from yfinance IV (not broker Greek),100,32.1,18.42,0.81,Media,284.0,24.5,,True,81,95,2026-08-12T23:39:45.687086+00:00,ABNB-20260812-195C200C,PASS,
GM,2026.08.12-algo-v1.3-100,ERROR,,,ERROR,,,,,,0,,,,,,,,UNKNOWN,,,,,,,,,,,,,,,,,Exception during analyze_ticker,False,,,2026-08-12T23:39:45.687086+00:00,,ERROR,SetupResult.__init__() takes 39 positional arguments but 40 were given
F,2026.08.12-algo-v1.3-100,ERROR,,,ERROR,,,,,,0,,,,,,,,UNKNOWN,,,,,,,,,,,,,,,,,Exception during analyze_ticker,False,,,2026-08-12T23:39:45.687086+00:00,,ERROR,SetupResult.__init__() takes 39 positional arguments but 40 were given
NEE,2026.08.12-algo-v1.3-100,ERROR,,,ERROR,,,,,,0,,,,,,,,UNKNOWN,,,,,,,,,,,,,,,,,Exception during analyze_ticker,False,,,2026-08-12T23:39:45.687086+00:00,,ERROR,SetupResult.__init__() takes 39 positional arguments but 40 were given
DUK,2026.08.12-algo-v1.3-100,ERROR,,,ERROR,,,,,,0,,,,,,,,UNKNOWN,,,,,,,,,,,,,,,,,Exception during analyze_ticker,False,,,2026-08-12T23:39:45.687086+00:00,,ERROR,SetupResult.__init__() takes 39 positional arguments but 40 were given
SO,2026.08.12-algo-v1.3-100,ERROR,,,ERROR,,,,,,0,,,,,,,,UNKNOWN,,,,,,,,,,,,,,,,,Exception during analyze_ticker,False,,,2026-08-12T23:39:45.687086+00:00,,ERROR,SetupResult.__init__() takes 39 positional arguments but 40 were given
LIN,2026.08.12-algo-v1.3-100,ERROR,,,ERROR,,,,,,0,,,,,,,,UNKNOWN,,,,,,,,,,,,,,,,,Exception during analyze_ticker,False,,,2026-08-12T23:39:45.687086+00:00,,ERROR,SetupResult.__init__() takes 39 positional arguments but 40 were given
FCX,2026.08.12-algo-v1.3-100,ERROR,,,ERROR,,,,,,0,,,,,,,,UNKNOWN,,,,,,,,,,,,,,,,,Exception during analyze_ticker,False,,,2026-08-12T23:39:45.687086+00:00,,ERROR,SetupResult.__init__() takes 39 positional arguments but 40 were given
NEM,2026.08.12-algo-v1.3-100,OK_EXECUTABLE_OPTIONS,117.84,75.7,CALL,70,85,76.1,0.5,0.45,1,130/135 CCS,130.0,135.0,2026-09-18,37,2026-10-22,71,OK,0.48,2.6,452.0,454.6,10.6,10.0,75.6,0.294,BS estimate from yfinance IV (not broker Greek),56.8,47.6,17.85,0.68,Media,11435.0,18.2,,True,76,85,2026-08-12T23:39:45.687086+00:00,NEM-20260812-130C135C,PASS,
PLD,2026.08.12-algo-v1.3-100,ERROR,,,ERROR,,,,,,0,,,,,,,,UNKNOWN,,,,,,,,,,,,,,,,,Exception during analyze_ticker,False,,,2026-08-12T23:39:45.687086+00:00,,ERROR,SetupResult.__init__() takes 39 positional arguments but 40 were given
AMT,2026.08.12-algo-v1.3-100,ERROR,,,ERROR,,,,,,0,,,,,,,,UNKNOWN,,,,,,,,,,,,,,,,,Exception during analyze_ticker,False,,,2026-08-12T23:39:45.687086+00:00,,ERROR,SetupResult.__init__() takes 39 positional arguments but 40 were given
SPY,2026.08.12-algo-v1.3-100,OK_EXECUTABLE_OPTIONS,772.49,64.5,CALL,65,95,90.0,3.4,0.47,1,808/813 CCS,808.0,813.0,2026-09-18,37,No disponible,,OK,0.5,2.6,450.0,452.6,11.1,10.5,86.6,0.142,BS estimate from yfinance IV (not broker Greek),56.4,11.6,28.59,1.24,Alta,1025.0,1.8,,True,90,95,2026-08-12T23:39:45.687086+00:00,SPY-20260812-808C813C,PASS,
QQQ,2026.08.12-algo-v1.3-100,ERROR,,,ERROR,,,,,,0,,,,,,,,UNKNOWN,,,,,,,,,,,,,,,,,Exception during analyze_ticker,False,,,2026-08-12T23:39:45.687086+00:00,,ERROR,SetupResult.__init__() takes 39 positional arguments but 40 were given
IWM,2026.08.12-algo-v1.3-100,ERROR,,,ERROR,,,,,,0,,,,,,,,UNKNOWN,,,,,,,,,,,,,,,,,Exception during analyze_ticker,False,,,2026-08-12T23:39:45.687086+00:00,,ERROR,SetupResult.__init__() takes 39 positional arguments but 40 were given
DIA,2026.08.12-algo-v1.3-100,ERROR,,,ERROR,,,,,,0,,,,,,,,UNKNOWN,,,,,,,,,,,,,,,,,Exception during analyze_ticker,False,,,2026-08-12T23:39:45.687086+00:00,,ERROR,SetupResult.__init__() takes 39 positional arguments but 40 were given
XLP,2026.08.12-algo-v1.3-100,ERROR,,,ERROR,,,,,,0,,,,,,,,UNKNOWN,,,,,,,,,,,,,,,,,Exception during analyze_ticker,False,,,2026-08-12T23:39:45.687086+00:00,,ERROR,SetupResult.__init__() takes 39 positional arguments but 40 were given
XLV,2026.08.12-algo-v1.3-100,ERROR,,,ERROR,,,,,,0,,,,,,,,UNKNOWN,,,,,,,,,,,,,,,,,Exception during analyze_ticker,False,,,2026-08-12T23:39:45.687086+00:00,,ERROR,SetupResult.__init__() takes 39 positional arguments but 40 were given
XLF,2026.08.12-algo-v1.3-100,ERROR,,,ERROR,,,,,,0,,,,,,,,UNKNOWN,,,,,,,,,,,,,,,,,Exception during analyze_ticker,False,,,2026-08-12T23:39:45.687086+00:00,,ERROR,SetupResult.__init__() takes 39 positional arguments but 40 were given
XLE,2026.08.12-algo-v1.3-100,OK_EXECUTABLE_OPTIONS,61.03,64.5,CALL,65,93,79.9,2.5,0.26,1,65/67.5 CCS,65.0,67.5,2026-09-18,37,No disponible,,OK,0.28,2.6,222.0,224.6,12.6,11.3,77.4,0.251,BS estimate from yfinance IV (not broker Greek),69.0,25.8,5.01,0.79,Alta,45227.0,14.2,,True,80,93,2026-08-12T23:39:45.687086+00:00,XLE-20260812-65C67p5C,PASS,
XLI,2026.08.12-algo-v1.3-100,ERROR,,,ERROR,,,,,,0,,,,,,,,UNKNOWN,,,,,,,,,,,,,,,,,Exception during analyze_ticker,False,,,2026-08-12T23:39:45.687086+00:00,,ERROR,SetupResult.__init__() takes 39 positional arguments but 40 were given
XLK,2026.08.12-algo-v1.3-100,ERROR,,,ERROR,,,,,,0,,,,,,,,UNKNOWN,,,,,,,,,,,,,,,,,Exception during analyze_ticker,False,,,2026-08-12T23:39:45.687086+00:00,,ERROR,SetupResult.__init__() takes 39 positional arguments but 40 were given
XLY,2026.08.12-algo-v1.3-100,ERROR,,,ERROR,,,,,,0,,,,,,,,UNKNOWN,,,,,,,,,,,,,,,,,Exception during analyze_ticker,False,,,2026-08-12T23:39:45.687086+00:00,,ERROR,SetupResult.__init__() takes 39 positional arguments but 40 were given
XLU,2026.08.12-algo-v1.3-100,ERROR,,,ERROR,,,,,,0,,,,,,,,UNKNOWN,,,,,,,,,,,,,,,,,Exception during analyze_ticker,False,,,2026-08-12T23:39:45.687086+00:00,,ERROR,SetupResult.__init__() takes 39 positional arguments but 40 were given
SMH,2026.08.12-algo-v1.3-100,ERROR,,,ERROR,,,,,,0,,,,,,,,UNKNOWN,,,,,,,,,,,,,,,,,Exception during analyze_ticker,False,,,2026-08-12T23:39:45.687086+00:00,,ERROR,SetupResult.__init__() takes 39 positional arguments but 40 were given
SOXX,2026.08.12-algo-v1.3-100,ERROR,,,ERROR,,,,,,0,,,,,,,,UNKNOWN,,,,,,,,,,,,,,,,,Exception during analyze_ticker,False,,,2026-08-12T23:39:45.687086+00:00,,ERROR,SetupResult.__init__() takes 39 positional arguments but 40 were given
TLT,2026.08.12-algo-v1.3-100,OK_EXECUTABLE_OPTIONS,82.11,38.7,PUT,50,98,80.0,1.0,0.3,1,80/77 PCS,80.0,77.0,2026-09-18,37,No disponible,,OK,0.32,2.6,268.0,270.6,11.9,10.9,79.0,-0.199,BS estimate from yfinance IV (not broker Greek),41.0,11.6,3.04,0.69,Alta,40953.0,2.3,,True,80,98,2026-08-12T23:39:45.687086+00:00,TLT-20260812-80P77P,PASS,
GLD,2026.08.12-algo-v1.3-100,OK_EXECUTABLE_OPTIONS,404.92,67.9,CALL,67,90,87.4,3.5,0.37,1,440/445 CCS,440.0,445.0,2026-09-18,37,No disponible,,OK,0.39,2.6,461.0,463.6,8.5,7.9,83.9,0.182,BS estimate from yfinance IV (not broker Greek),30.2,26.0,33.47,1.05,Alta,17006.0,6.2,,True,87,90,2026-08-12T23:39:45.687086+00:00,GLD-20260812-440C445C,PASS,
SLV,2026.08.12-algo-v1.3-100,ERROR,,,ERROR,,,,,,0,,,,,,,,UNKNOWN,,,,,,,,,,,,,,,,,Exception during analyze_ticker,False,,,2026-08-12T23:39:45.687086+00:00,,ERROR,SetupResult.__init__() takes 39 positional arguments but 40 were given
USO,2026.08.12-algo-v1.3-100,ERROR,,,ERROR,,,,,,0,,,,,,,,UNKNOWN,,,,,,,,,,,,,,,,,Exception during analyze_ticker,False,,,2026-08-12T23:39:45.687086+00:00,,ERROR,SetupResult.__init__() takes 39 positional arguments but 40 were given
EEM,2026.08.12-algo-v1.3-100,ERROR,,,ERROR,,,,,,0,,,,,,,,UNKNOWN,,,,,,,,,,,,,,,,,Exception during analyze_ticker,False,,,2026-08-12T23:39:45.687086+00:00,,ERROR,SetupResult.__init__() takes 39 positional arguments but 40 were given
FXI,2026.08.12-algo-v1.3-100,ERROR,,,ERROR,,,,,,0,,,,,,,,UNKNOWN,,,,,,,,,,,,,,,,,Exception during analyze_ticker,False,,,2026-08-12T23:39:45.687086+00:00,,ERROR,SetupResult.__init__() takes 39 positional arguments but 40 were given
ARKK,2026.08.12-algo-v1.3-100,ERROR,,,ERROR,,,,,,0,,,,,,,,UNKNOWN,,,,,,,,,,,,,,,,,Exception during analyze_ticker,False,,,2026-08-12T23:39:45.687086+00:00,,ERROR,SetupResult.__init__() takes 39 positional arguments but 40 were given
IBM,2026.08.12-algo-v1.3-100,ERROR,,,ERROR,,,,,,0,,,,,,,,UNKNOWN,,,,,,,,,,,,,,,,,Exception during analyze_ticker,False,,,2026-08-12T23:39:45.687086+00:00,,ERROR,SetupResult.__init__() takes 39 positional arguments but 40 were given
PYPL,2026.08.12-algo-v1.3-100,OK_EXECUTABLE_OPTIONS,59.2,71.2,CALL,70,88,72.5,-0.5,0.33,1,62.5/65 CCS,62.5,65.0,2026-09-18,37,2026-10-27,76,OK,0.35,2.6,215.0,217.6,16.3,14.9,73.0,0.3,BS estimate from yfinance IV (not broker Greek),11.0,27.4,5.17,0.64,Alta,16852.0,5.8,,True,72,88,2026-08-12T23:39:45.687086+00:00,PYPL-20260812-62p5C65C,PASS,
