signal_id,opportunity_key,first_seen_utc,last_seen_pass_utc,ticker,side,spread,short_strike,long_strike,expiration,entry_dte,entry_price,entry_credit,commission_rt,net_max_loss,entry_win_probability,entry_prob_otm,entry_delta,entry_net_roc,entry_expected_move,entry_em_distance,entry_iv_rank,entry_short_iv,entry_oi,entry_bid_ask_pct,entry_liquidity,entry_rsi,entry_technical_score,entry_options_quality_score,hold_status,hold_exit_utc,hold_exit_reason,hold_pnl_net,hold_result,hold_return_pct,hold_days_held,tp50_status,tp50_exit_utc,tp50_exit_reason,tp50_exit_debit,tp50_pnl_net,tp50_result,tp50_return_pct,tp50_days_held,tp50_stop2x_status,tp50_stop2x_exit_utc,tp50_stop2x_exit_reason,tp50_stop2x_exit_debit,tp50_stop2x_pnl_net,tp50_stop2x_result,tp50_stop2x_return_pct,tp50_stop2x_days_held,latest_mark_utc,latest_underlying_price,latest_close_debit,latest_unrealized_pnl_net,latest_dte
MSFT-20260813T0012-545C550C,MSFT|2026-09-18|CALL|545|550,2026-08-13T00:12:33.247422+00:00,2026-08-13T16:10:09.171557+00:00,MSFT,CALL,545/550 CCS,545.0,550.0,2026-09-18,36,492.43,0.31,2.6,471.6,90.0,88.7,0.129,6.0,40.79,1.29,100,26.4,5256.0,5.6,Alta,70.8,66,80,OPEN,,,,,,,OPEN,,,,,,,,CLOSED,2026-08-13T16:10:09.171557+00:00,STOP2X_OBSERVED,0.64,-35.6,LOSS,-7.55,0.66,2026-08-13T16:10:09.171557+00:00,494.5,0.64,-35.6,36
CSCO-20260813T0012-145C150C,CSCO|2026-09-18|CALL|145|150,2026-08-13T00:12:33.247422+00:00,2026-08-13T00:22:31.530066+00:00,CSCO,CALL,145/150 CCS,145.0,150.0,2026-09-18,36,123.88,0.41,2.6,461.6,88.6,85.1,0.189,8.3,19.7,1.07,29.1,50.6,1907.0,19.9,Media,63.1,67,82,OPEN,,,,,,,CLOSED,2026-08-13T16:10:09.171557+00:00,TP50_OBSERVED,0.11,27.4,WIN,5.94,0.66,CLOSED,2026-08-13T16:10:09.171557+00:00,TP50_OBSERVED,0.11,27.4,WIN,5.94,0.66,2026-08-13T16:10:09.171557+00:00,112.68000030517578,0.11,27.4,36
JPM-20260813T0012-385C390C,JPM|2026-09-18|CALL|385|390,2026-08-13T00:12:33.247422+00:00,2026-08-13T16:10:09.171557+00:00,JPM,CALL,385/390 CCS,385.0,390.0,2026-09-18,36,365.18,0.32,2.6,470.6,80.5,78.5,0.234,6.2,23.37,0.85,40.1,20.4,611.0,14.7,Alta,68.9,65,83,OPEN,,,,,,,OPEN,,,,,,,,CLOSED,2026-08-13T00:12:33.247422+00:00,STOP2X_OBSERVED,1.3,-100.6,,,,2026-08-13T16:10:09.171557+00:00,362.7117004394531,1.19,-89.6,36
SCHW-20260813T0012-115C120C,SCHW|2026-09-18|CALL|115|120,2026-08-13T00:12:33.247422+00:00,2026-08-13T16:10:09.171557+00:00,SCHW,CALL,115/120 CCS,115.0,120.0,2026-09-18,36,109.34,0.55,2.6,447.6,78.0,76.0,0.261,11.7,7.48,0.76,22.8,21.8,6740.0,8.9,Alta,72.3,70,88,OPEN,,,,,,,OPEN,,,,,,,,OPEN,,,,,,,,2026-08-13T16:10:09.171557+00:00,109.15499877929688,0.81,-28.6,36
BAC-20260813T0012-67.5C70C,BAC|2026-09-18|CALL|67.5|70,2026-08-13T00:12:33.247422+00:00,2026-08-13T16:10:09.171557+00:00,BAC,CALL,67.5/70 CCS,67.5,70.0,2026-09-18,36,64.81,0.33,2.6,219.6,75.5,74.5,0.273,13.8,3.72,0.72,12.0,18.3,5704.0,7.5,Alta,73.7,70,88,OPEN,,,,,,,OPEN,,,,,,,,OPEN,,,,,,,,2026-08-13T16:10:09.171557+00:00,64.03189849853516,0.28,2.4,36
XOM-20260813T0012-170C175C,XOM|2026-09-18|CALL|170|175,2026-08-13T00:12:33.247422+00:00,2026-08-13T00:22:31.530066+00:00,XOM,CALL,170/175 CCS,170.0,175.0,2026-09-18,36,159.75,0.5,2.6,452.6,78.5,76.5,0.262,10.5,13.6,0.75,43.4,27.1,12851.0,8.0,Alta,65.0,65,88,OPEN,,,,,,,OPEN,,,,,,,,CLOSED,2026-08-13T00:12:33.247422+00:00,STOP2X_OBSERVED,1.13,-65.6,,,,2026-08-13T16:10:09.171557+00:00,159.43499755859375,0.9,-42.6,36
MRK-20260813T0012-145C150C,MRK|2026-09-18|CALL|145|150,2026-08-13T00:12:33.247422+00:00,2026-08-13T16:10:09.171557+00:00,MRK,CALL,145/150 CCS,145.0,150.0,2026-09-18,36,132.92,0.39,2.6,463.6,89.1,85.6,0.163,7.9,10.74,1.12,25.8,25.7,13439.0,7.4,Alta,63.8,65,75,OPEN,,,,,,,OPEN,,,,,,,,OPEN,,,,,,,,2026-08-13T16:10:09.171557+00:00,134.77499389648438,0.67,-30.6,36
NKE-20260813T0012-37.5P35P,NKE|2026-09-18|PUT|37.5|35,2026-08-13T00:12:33.247422+00:00,2026-08-13T16:10:09.171557+00:00,NKE,PUT,37.5/35 PCS,37.5,35.0,2026-09-18,36,40.51,0.38,2.6,214.6,76.2,75.2,-0.214,16.5,4.49,0.67,33.0,35.3,17357.0,6.5,Alta,40.1,50,98,OPEN,,,,,,,OPEN,,,,,,,,OPEN,,,,,,,,2026-08-13T16:10:09.171557+00:00,40.744998931884766,0.39,-3.6,36
ABNB-20260813T0012-195C200C,ABNB|2026-09-18|CALL|195|200,2026-08-13T00:12:33.247422+00:00,2026-08-13T16:10:09.171557+00:00,ABNB,CALL,195/200 CCS,195.0,200.0,2026-09-18,36,180.1,0.45,2.6,457.6,80.9,78.4,0.247,9.3,18.41,0.81,100,32.5,284.0,24.5,Media,74.2,70,95,OPEN,,,,,,,OPEN,,,,,,,,CLOSED,2026-08-13T00:12:33.247422+00:00,STOP2X_OBSERVED,1.42,-99.6,,,,2026-08-13T16:10:09.171557+00:00,183.05999755859375,1.11,-68.6,36
NEM-20260813T0012-130C135C,NEM|2026-09-18|CALL|130|135,2026-08-13T00:12:33.247422+00:00,2026-08-13T16:10:09.171557+00:00,NEM,CALL,130/135 CCS,130.0,135.0,2026-09-18,36,117.84,0.48,2.6,454.6,76.1,75.6,0.293,10.0,17.85,0.68,56.8,48.2,11435.0,18.2,Media,75.7,70,85,OPEN,,,,,,,OPEN,,,,,,,,CLOSED,2026-08-13T00:12:33.247422+00:00,STOP2X_OBSERVED,1.35,-89.6,,,,2026-08-13T16:10:09.171557+00:00,113.66999816894531,0.59,-13.6,36
SPY-20260813T0012-808C813C,SPY|2026-09-18|CALL|808|813,2026-08-13T00:12:33.247422+00:00,2026-08-13T00:22:31.530066+00:00,SPY,CALL,808/813 CCS,808.0,813.0,2026-09-18,36,772.49,0.5,2.6,452.6,90.0,86.7,0.141,10.5,28.58,1.24,56.4,11.8,1025.0,1.8,Alta,64.5,65,95,OPEN,,,,,,,OPEN,,,,,,,,OPEN,,,,,,,,2026-08-13T16:10:09.171557+00:00,776.0150146484375,0.67,-19.6,36
XLE-20260813T0012-65C67.5C,XLE|2026-09-18|CALL|65|67.5,2026-08-13T00:12:33.247422+00:00,2026-08-13T16:10:09.171557+00:00,XLE,CALL,65/67.5 CCS,65.0,67.5,2026-09-18,36,61.03,0.28,2.6,224.6,80.0,77.5,0.251,11.3,5.02,0.79,69.0,26.2,45227.0,14.2,Alta,64.5,65,93,OPEN,,,,,,,OPEN,,,,,,,,OPEN,,,,,,,,2026-08-13T16:10:09.171557+00:00,60.95000076293945,0.39,-13.6,36
TLT-20260813T0012-80P77P,TLT|2026-09-18|PUT|80|77,2026-08-13T00:12:33.247422+00:00,2026-08-13T00:22:31.530066+00:00,TLT,PUT,80/77 PCS,80.0,77.0,2026-09-18,36,82.11,0.32,2.6,270.6,79.9,78.9,-0.2,10.9,3.04,0.69,41.0,11.8,40953.0,2.3,Alta,38.7,50,98,OPEN,,,,,,,OPEN,,,,,,,,OPEN,,,,,,,,2026-08-13T16:10:09.171557+00:00,82.60919952392578,0.21,8.4,36
GLD-20260813T0012-440C445C,GLD|2026-09-18|CALL|440|445,2026-08-13T00:12:33.247422+00:00,2026-08-13T16:10:09.171557+00:00,GLD,CALL,440/445 CCS,440.0,445.0,2026-09-18,36,404.92,0.39,2.6,463.6,87.5,84.0,0.181,7.9,33.45,1.05,30.2,26.3,17006.0,6.2,Alta,67.9,67,90,OPEN,,,,,,,OPEN,,,,,,,,OPEN,,,,,,,,2026-08-13T16:10:09.171557+00:00,399.5050048828125,0.49,-12.6,36
PYPL-20260813T0012-62.5C65C,PYPL|2026-09-18|CALL|62.5|65,2026-08-13T00:12:33.247422+00:00,2026-08-13T00:22:31.530066+00:00,PYPL,CALL,62.5/65 CCS,62.5,65.0,2026-09-18,36,59.2,0.35,2.6,217.6,72.5,73.0,0.299,14.9,5.17,0.64,11.0,27.8,16852.0,5.8,Alta,71.2,70,88,OPEN,,,,,,,OPEN,,,,,,,,OPEN,,,,,,,,2026-08-13T16:10:09.171557+00:00,59.55500030517578,0.61,-28.6,36
CMCSA-20260813T1610-27.5C30C,CMCSA|2026-09-18|CALL|27.5|30,2026-08-13T16:10:09.171557+00:00,2026-08-13T16:10:09.171557+00:00,CMCSA,CALL,27.5/30 CCS,27.5,30.0,2026-09-18,36,25.85,0.25,2.6,227.6,75.2,74.2,0.29,9.8,2.47,0.67,61.8,30.5,12829.0,13.0,Alta,63.6,65,93,OPEN,,,,,,,OPEN,,,,,,,,OPEN,,,,,,,,2026-08-13T16:10:09.171557+00:00,25.8700008392334,0.39,-16.6,36
XOM-20260813T1610-175C180C,XOM|2026-09-18|CALL|175|180,2026-08-13T16:10:09.171557+00:00,2026-08-13T16:10:09.171557+00:00,XOM,CALL,175/180 CCS,175.0,180.0,2026-09-18,36,159.43,0.35,2.6,467.6,89.5,86.0,0.16,6.9,13.62,1.14,43.7,27.2,15807.0,11.2,Alta,64.1,65,75,OPEN,,,,,,,OPEN,,,,,,,,OPEN,,,,,,,,2026-08-13T16:10:09.171557+00:00,159.43499755859375,0.53,-20.6,36
COP-20260813T1610-135C140C,COP|2026-09-18|CALL|135|140,2026-08-13T16:10:09.171557+00:00,2026-08-13T16:10:09.171557+00:00,COP,CALL,135/140 CCS,135.0,140.0,2026-09-18,36,125.17,0.44,2.6,458.6,82.2,80.2,0.224,9.0,11.08,0.89,49.0,28.2,1894.0,8.8,Alta,63.5,65,98,OPEN,,,,,,,OPEN,,,,,,,,CLOSED,2026-08-13T16:10:09.171557+00:00,STOP2X_OBSERVED,0.92,-50.6,LOSS,-11.03,0.0,2026-08-13T16:10:09.171557+00:00,125.12000274658203,0.92,-50.6,36
SPY-20260813T1610-811C816C,SPY|2026-09-18|CALL|811|816,2026-08-13T16:10:09.171557+00:00,2026-08-13T16:10:09.171557+00:00,SPY,CALL,811/816 CCS,811.0,816.0,2026-09-18,36,775.99,0.5,2.6,452.6,90.0,86.6,0.142,10.5,28.21,1.24,55.2,11.6,1970.0,1.2,Alta,66.5,65,95,OPEN,,,,,,,OPEN,,,,,,,,OPEN,,,,,,,,2026-08-13T16:10:09.171557+00:00,776.0150146484375,0.54,-6.6,36
XLV-20260813T1610-175C180C,XLV|2026-09-18|CALL|175|180,2026-08-13T16:10:09.171557+00:00,2026-08-13T16:10:09.171557+00:00,XLV,CALL,175/180 CCS,175.0,180.0,2026-09-18,36,168.4,0.63,2.6,439.6,75.8,73.8,0.28,13.7,9.38,0.7,53.0,17.7,6904.0,15.0,Alta,65.9,65,93,OPEN,,,,,,,OPEN,,,,,,,,OPEN,,,,,,,,2026-08-13T16:10:09.171557+00:00,168.40499877929688,1.04,-43.6,36
XLF-20260813T1610-60C63C,XLF|2026-09-18|CALL|60|63,2026-08-13T16:10:09.171557+00:00,2026-08-13T16:10:09.171557+00:00,XLF,CALL,60/63 CCS,60.0,63.0,2026-09-18,36,57.82,0.21,2.6,281.6,79.4,77.4,0.24,6.5,2.58,0.84,23.2,14.2,26860.0,10.2,Alta,64.6,65,83,OPEN,,,,,,,OPEN,,,,,,,,OPEN,,,,,,,,2026-08-13T16:10:09.171557+00:00,57.81999969482422,0.28,-9.6,36
